comp_id,comp_name,from_node,to_node,c_min,c_max,max_power,min_flow,max_flow
1,Comp1,1,26,1,1.4,3500,0,168.2844812
2,Comp2,2,27,1,1.4,2500,0,144.243841
3,Comp3,3,28,1,1.4,1500,0,96.16256068
4,Comp4,14,29,1,1.4,1000,0,144.243841
5,Comp5,20,30,1,1.4,1000,0,144.243841
